,Unnamed: 0,user,bio,Cluster Labels
0,0,MikePaineShow,#voiceover talent voice actor & radio guy for 30+ years. My wife is my best friend & I LOVE soup!,3
1,1,gablescinema,"South Florida's premiere nonprofit cinema for the best independent, foreign, and cult classic films digitally restored and on 35mm & 70mm.",2
2,2,dhumpachika,Follow us for the best of what's happening about #Cycling and #biking around the world | Chika chikaaaaaaa ka bro!,2
3,3,DavyVara,Filmmaker Writer Activist Aspiring Actor... I MAKE FILMS AND VIDEOS THAT MAKE PEOPLE THINK... I ASK THE QUESTIONS YOU DON‚ÄôT HAVE THE COJONES TO ASK.,2
4,4,keeeykeh,"Dedicated student of the beautiful game. Head Coach at College of the Desert, Men's Soccer. Christ, canines, and coffee enthusiast. #Ao1",2
5,5,MyDearAmelia,In the business of mastering my energy to be my most authentic empowered self and create something that will change my world.,2
6,6,ecrscooters,"Southern California‚Äôs Premier Electric Scooter Store. 
Contact us: sales@electriccityrides.net",2
7,7,BigDumpsters,"Fast and friendly roll off dumpster company. Geared more towards residential demand. 10, 15, and 20 cubic yard dumpsters.",2
8,8,JPStrategiesCO,"The JP Strategies team provides Community Outreach, Communication & Engagement Strategy for Political Campaigns & Non-Profit Organizations across the Country!",2
9,9,angeezuss,i‚Äôm a lonely bitch.,2
10,10,VgErnawati,"Love nature, flowers, landscapes, wildlife, NO DM, God Blez Everyone.üòá",3
11,11,MarcelinPeleg,#BAKE,2
12,12,PortiaColorado,"Actress, Activist, Community Leader & Entrepreneur @JPstrategiesCO | Co-Founder @BlackGirlsHike & @COBlackArts | IG: PortiaPrescottCO | #BrownUniversity #AKA",1
13,13,NaShGrod,"–ù–ê –ö–û–ú–ü–†–û–ú–ò–°–°–´ –ò–î–£ ,–ù–û –ù–ï –° –°–û–í–ï–°–¢–¨–Æ –ò –ù–ï –° –î–£–®–û–ô.",2
14,14,renrichards10,"Jesus ‚úùÔ∏è Lover 
Wife üë®‚Äçüë©‚Äçüëß Mom
Boss üíãüìø Lady
Girl üéÆüïπ Gamer
Turtle üê¢ Obsessed",0
15,15,TheVinayPaleja,,4
16,16,ResComPest,"Res-Com Pest Control of Tulare has been offering extermination and pest control services to Visalia, Tulare, Porterville, Hanford & surrounding area since 1985.",2
17,17,LisaMatik,"School Psych at MVHS; Assistant Girls XC Coach at WVHS; Runner; Cook; Hiker, & Weim Mom",0
18,18,sdtenniscenter,Our goal is to promote tennis throughout all of San Diego by bringing tennis to local communities throughout the county.,2
19,19,TeamAbbyDiMera,"#GirlPower‚ù£Ô∏èüôå

#Chabby‚ù£Ô∏è #Milly‚ù£Ô∏è #Days

#Shey‚ù£Ô∏è #YR

#HallmarkMovies‚ù£Ô∏è ~ I just love happy endings‚ù£Ô∏èüíû

#BTSüíú

#MemphisGrizzliesüíô #GrindCityüíô",3
20,20,prosoccerinc,"We‚Äôre your one stop shop for all things soccer! 6929 N Willow Ave STE #109 #Fresno, CA",2
21,21,CODCareerCenter,,4
22,22,DavyVara,Filmmaker Writer Activist Aspiring Actor... I MAKE FILMS AND VIDEOS THAT MAKE PEOPLE THINK... I ASK THE QUESTIONS YOU DON‚ÄôT HAVE THE COJONES TO ASK.,2
23,23,IHaveVanished,Mouthpiece for the Missing,2
24,24,escape2ski,"A leading provider for #skiing & #snowboarding information to over 150 ski resorts in North America. Search, Plan & Book your travel & even Post Resort Jobs.",2
25,25,AoAInDetroit,"Founded in 1991, Academy of the Americas is a DPS Community District PreK to 12th grade dual language Spanish/English immersion school located in SW Detroit.",2
26,26,Johnnie26623544,MST for Market 899.,2
27,27,DrNatissiaSmall,"Wife| Mom| Educator|Assistant Provost, Academic Affairs@UMSL",0
28,28,LuiFregoso,#techstud,2
29,29,abcInsight,"I love the sun, sand and beaches.......",3
30,30,cootbie,We are a startup to amplify job seekers‚Äô voices and improve candidate experience.,2
31,31,GKcoachandy_,@mtsac_msoccer alumni sponsored by @hosoccerusa1,2
32,32,NFormulary,Nature's Formulary #Ayurvedic Products.üåøClassical Ayurvedic #products made in the #USA. Nothing artificial. (RTs are not endorsements) 800.923.9338,3
33,33,DaliDonation,"Dali is in pain and cannot walk. If it goes on like this, it is expected to die üòî Please donate and we'll have her operated. (paypal accepts any card)",2
34,34,VNeginskiy,"Narodil sa v Sovietskom zv√§ze 21.09.1971, Milujem ƒçeskoslovensk√© filmy ""Spadla z oblakov"",""Rachotilkovia""herci-deti, slovensk√Ω jazyk a Tatry, a jazierka , TV !",2
35,35,andiasff,‚û™ bi || i am a child || ifb!!,2
36,36,PineRidgeUCOMC,,4
37,37,csudh_lsu,The Loker Student Union at CSUDH provides an environment which is designed to encourage interaction among the campus' constituent groups (internal and external),2
38,38,SteveMilner1960,It's all a matter of perspective.,2
39,39,Tuffy_The_Titan,Official mascot of @csuf #TusksUp I love all things CSUF and peanuts...I really love peanuts ü•úüêò Insta: @TuffyTheTitan DM for Appearance Requests,3
40,40,canabrad,"working life...  invest in my first 100$ #KLV
at 0.07, a little late but i go to the moon whith i can^^
DM me if you want to help üòçüòç
TVSTa9xdsaGCs2Vkq9U8AhUGL",3
41,41,GGCCNEWS,"The Gaithersburg-Germantown Chamber of Commerce is a vital, dynamic organization of 400 members. Increase the Value of Your Business!",2
42,42,jpip81,#HeatTwitter #BlackLivesMatter,2
43,43,MabletonPE,We are the PE department of Mableton Elementary School,2
44,44,solTllez,"English teacher. Born & raised in Germany. Spanish blood. üá™üá∫.
Happily divorced .
‚ù§ my friends. Almer√≠a,üëëof Spain .Friend Dms only .",2
45,45,PortiaColorado,"Actress, Activist, Community Leader & Entrepreneur @JPstrategiesCO | Co-Founder @BlackGirlsHike & @COBlackArts | IG: PortiaPrescottCO | #BrownUniversity #AKA",1
46,46,TitansStampede,The Stampede is the Tuffiest Student Section,2
47,47,GUtsab00,"#bitcoin #Trx
Hi welcome to The Good Night.......

Blockchain Supporter

TKB7EffTjZiMJUr1aWGihAVYpDqRq8vYRo",2
48,48,DavyVara,Filmmaker Writer Activist Aspiring Actor... I MAKE FILMS AND VIDEOS THAT MAKE PEOPLE THINK... I ASK THE QUESTIONS YOU DON‚ÄôT HAVE THE COJONES TO ASK.,2
49,49,Bo_Class_FCPS,"Assistant Principal, Ballenger Creek Middle School, Frederick County Public Schools, Father, Coach, Retired Soldier, Patriot",2
50,50,Andrea_Morehead,"7x #Emmy-winning News Anchor, Exec. Prod, Author | #BreastCancerThriver | @HowardU @IUMcKinney @NABJ | Founder: #ImTHATchickWhoAintAfraid",2
51,51,enderleeparis,,4
52,52,GradUmsl,"üî¥Official account of UMSL Graduate Businessüü°
Only Tier 1Ô∏è‚É£ Public Research University in the region
Dual AACSB accreditation
314.516.5885 | mba@umsl.edu",2
53,53,ClarkCountySch,"Official Twitter account for the Clark County School District in Las Vegas, NV, the fifth-largest school district in the United States. #1ForKids #1ParaLosNi√±os",2
54,54,lenihoppenworth,"she/her @indivisibleteam @indivisibleil @Indivisible9IL @chicago_reader and @chicagodances. photo by 
@GlitterGutsy #BLM",2
55,55,GECSINC,GECS is a school staffing organization that hires employees for 25 school districts within Genesee County and surrounding areas.,2
56,56,Eco1stArt,"Featuring the most stunning eco friendly items on the planet: fine art, furniture, jewelry & apparel.Connecting ecological & innovative artists worldwide.",2
57,57,MissyPartin,"I'm a wife and mother/Grandmother and like everyone in this country that's sane, I'm worried over this #fakepresident I'm a Democrat waiting on 2019....2020",2
58,58,kelsogonzo,Senior at CSUSB KINESIOLOGY && a stay at home dog üê∂ mom üíï,0
59,59,msyoung_hshs,,4
60,60,nomnombearinyvr,Mom of 2 boys,0
61,61,Sandeep53439802,god kabir,3
62,62,_charlizita_,I love my bf,3
63,63,its_kayli_b,(she/her)//Big Brother//Survivor//MTV//Texas üá≤üáΩüá∫üá∏//Cats//Cancer ‚ôãÔ∏è,2
64,64,roberticu,"STILL LEARNINGüå¥ 
IT'S NOT HOW YOU START THAT COUNTSüçÄ
IT'S HOW YOU FINISH THAT'S IMPORTANTüçÄ",2
65,65,nataliecat24,"School Counselor in Adelanto Elementary District, Associate Clinical Social Worker, Youth Advocate, She/ Her/Hers. Integrity is choosing courage over comfort.",2
66,66,MonicaPysher,I'm kind and loving and I love God.  I absolutely love cats!,3
67,67,CIGNYC,"A diverse coalition of 34 nonprofit museums, performing arts centers, historical societies, zoos and botanical gardens, located in all five boroughs of NYC.",2
68,68,gocards4,who gonna check me boo? am VIP... see the passes? Hope eveyone lives thier life to the fullest!  LouisvilleüèÄ! love the REDSOX,3
69,69,LARideShareGuy,Driving for Lyft so you don't have to.,2
70,70,380Fashion,"Exclusive Apparel & Footwear | Home of The Flyest Men Fits | Early Release Kicks Nike, Jordans & More | Online Now | https://t.co/kcVSQKYPpb + FREE SHIPPING",0
71,71,voicing_freedom,Unconventional survivor curated progressive unapologetic space. #Freedom #Arts #MeToo #ActToo #NoMore #HumanRights If you don‚Äôt like #radicalism don‚Äôt follow,2
72,72,twinklresources,Engaging & inspiring teacher created resources for 0-18+ Our blog: https://t.co/chgRM5SSAE Use #TwinklTeach or #HelpThoseWhoTeach to join the conversation,2
73,73,lippaofficial,Composer/lyricist/writer/actor/conductor/teacher/Interfaith minister/citizen. I live in Ohio and NY. I love them both.,3
74,74,JeffersonandCo,"Advocate*Author*AAJJP
Creator*#FemaleNOTFeemale #RaiseTheAgeGA  Architect #VisionForBlacks Moderator #NoDerby146 #JusticeForCarol",2
75,75,dynaLIFE,"Driven by innovation, guided by compassion, committed to the communities we operate in, DynaLIFE has been improving the health of Albertans for over 60 years.",2
76,76,brierleydarren,Community Safety and Crime Prevention Volunteer,2
77,77,SDCCEEDU,"California‚Äôs largest noncredit institution with 7 campuses and 200 offsite locations.

SDCCE is part of the award-winning San Diego Community College District.",2
78,78,JWillsNH,"From hope, there is glory! ‰∏® I paid too much to do band (17-19) ‰∏® UC19 ‰∏®NB (they/them)‰∏®8/13/19 | BLM | #KeepPounding",2
79,79,duchess_2u,God‚Äôs given Princess! üòÅ,3
80,80,bethlovesham,"Just your typical karaoke superstar, touring the county with her emotional support ham. Hire me. I‚Äôm cheap. (she/her)",2
81,81,menscave7,Check out men's Ebay Store Always below retail! https://t.co/w7lX1YlKXc Please Retweet.,2
82,82,LampworkBench,"Twitter for https://t.co/wTCXpOB3Iz Boro Glass Artist: check out my etsy shop for glass gifts, decor, custom orders and more. Plz Follow and RT :) thanks",2
83,83,meade_kerri,"3rd generation Montanan. Proud wife of a marine, daughter of a marine, granddaughter of a marine, daughter-n-law of a marine, and sister-in-law of a marine.",2
84,84,brooklyncentre,National Heritage Area --(first settled area of Brooklyn Twp aka Old Brooklyn est 1812) Village of Brooklyn and Village of South Brooklyn aka Old Brooklyn,1
85,85,brooklyncentre,National Heritage Area --(first settled area of Brooklyn Twp aka Old Brooklyn est 1812) Village of Brooklyn and Village of South Brooklyn aka Old Brooklyn,1
86,86,CSULBbeachbuddy,Beach Buddies are here to provide effective peer-to-peer mentoring for CSULB students while also promoting communal mental health awareness and wellness ‚ú®,2
87,87,LeahNtuala,adventurer. lover of life. rebel with lots of causes.,2
88,88,lisaMToronto,47 with awesome son and husband. Trying to find happiness every day :),2
89,89,_nailsbychar_,Self-Taught in designing fancy Gel-X Sets and Press-Ons Follow my Instagram for bookings,2
90,90,DunegrassCo,"Dunegrass, offers a wide array of flowers, concentrates, edibles and topicals all grown, processed and tested in Michigan by licensed partners.",3
91,91,brooklyncentre,National Heritage Area --(first settled area of Brooklyn Twp aka Old Brooklyn est 1812) Village of Brooklyn and Village of South Brooklyn aka Old Brooklyn,1
92,92,EricaGrowNYC,"Owner of @WeatherElevate, @ametsoc Councilor, CBM #593. Freelance meteorologist @pix11news. #PennStateProud. Easily distracted by dogs.",2
93,93,RedHawk4eons,Don't complain because you don't have what you want! Be thankful you don't get what you deserve!,2
94,94,SparkProgramCHI,Leading The Possibility Movement through career exploration & self-discovery opportunities for middle school students.,2
95,95,MuseumofCityNY,Where the past informs the future. Now open Fri-Sun. Visit us online at https://t.co/5JWhgZ7c2S #MuseumMomentofZen #CovidStoriesNYC #ActivistNY,2
96,96,ChinoValleyUSD,,4
97,97,WISESTualberta,"Women in Scholarship, Engineering, Science and Technology. 

Encouraging a diversity of voices in STEM fields through educational programs and networks.",2
98,98,primadancing,,4
99,99,JaylynneParsons,"I love my family, my cats, my friends, and my job, as well as traveling, volleyball, sunshine, the beach, great deals and contests.",3
